"term","existing_wikipedia_en","verified_wikipedia_en","verified_wikipedia_he","hebrew_title_from_langlink","resolved_title","verification_status","notes"
"Aaron","https://en.wikipedia.org/wiki/Aaron","https://en.wikipedia.org/wiki/Aaron","","","Aaron","verified_exact_or_redirect",""
"Aaron and his sons","","","","","","no_exact_page",""
"Aaron the priest","","https://en.wikipedia.org/wiki/Aaron","","","Aaron","verified_exact_or_redirect",""
"Abel","","https://en.wikipedia.org/wiki/Abel","https://he.wikipedia.org/wiki/%D7%94%D7%91%D7%9C","הבל","Abel","verified_exact_or_redirect",""
"Abiathar","","https://en.wikipedia.org/wiki/Abiathar","","","Abiathar","verified_exact_or_redirect",""
"Abigail","https://en.wikipedia.org/wiki/Abigail","https://en.wikipedia.org/wiki/Abigail","","","Abigail","verified_exact_or_redirect",""
"Abijah, son of Jeroboam","","","","","","no_exact_page",""
"Abimelech","https://en.wikipedia.org/wiki/Abimelech_(Judges)","https://en.wikipedia.org/wiki/Abimelech","","","Abimelech","verified_exact_or_redirect",""
"Abiram","https://en.wikipedia.org/wiki/Abiram","https://en.wikipedia.org/wiki/Abiram","","","Abiram","verified_exact_or_redirect",""
"Abishag","https://en.wikipedia.org/wiki/Abishag","https://en.wikipedia.org/wiki/Abishag","","","Abishag","verified_exact_or_redirect",""
"Abishai","","https://en.wikipedia.org/wiki/Abishai","","","Abishai","disambiguation_only","resolved to disambiguation page"
"Abishai ben Zeruiah","https://en.wikipedia.org/wiki/Abishai_(biblical_figure)","","","","","no_exact_page",""
"Abishai, son of Zeruiah","","","","","","no_exact_page",""
"Abner","https://en.wikipedia.org/wiki/Abner","https://en.wikipedia.org/wiki/Abner","","","Abner","verified_exact_or_redirect",""
"Abner ben Ner","","","","","","no_exact_page",""
"Abraham","https://en.wikipedia.org/wiki/Abraham","https://en.wikipedia.org/wiki/Abraham","","","Abraham","verified_exact_or_redirect",""
"Abraham, Isaac, and Jacob","","","","","","no_exact_page",""
"Absalom","https://en.wikipedia.org/wiki/Absalom","https://en.wikipedia.org/wiki/Absalom","","","Absalom","verified_exact_or_redirect",""
"Achan","https://en.wikipedia.org/wiki/Achan_(biblical_figure)","https://en.wikipedia.org/wiki/Achan","","","Achan","disambiguation_only","resolved to disambiguation page"
"Achsah","https://en.wikipedia.org/wiki/Achsah","https://en.wikipedia.org/wiki/Achsah","","","Achsah","verified_exact_or_redirect",""
"Adam","https://en.wikipedia.org/wiki/Adam","https://en.wikipedia.org/wiki/Adam","","","Adam","verified_exact_or_redirect",""
"Adam and Eve","https://en.wikipedia.org/wiki/Adam_and_Eve#Expulsion_from_Eden","https://en.wikipedia.org/wiki/Adam_and_Eve","","","Adam and Eve","verified_exact_or_redirect",""
"Adam the first","","","","","","no_exact_page",""
"Adam the first man","","","","","","no_exact_page",""
"Adam, the first","","","","","","no_exact_page",""
"Adin","","https://en.wikipedia.org/wiki/Adin","","","Adin","verified_exact_or_redirect",""
"Adonijah","https://en.wikipedia.org/wiki/Adonijah","https://en.wikipedia.org/wiki/Adonijah","","","Adonijah","verified_exact_or_redirect",""
"Adrammelech","","https://en.wikipedia.org/wiki/Adrammelech","","","Adrammelech","verified_exact_or_redirect",""
"Adriel","","https://en.wikipedia.org/wiki/Adriel","","","Adriel","verified_exact_or_redirect",""
"Agag","https://en.wikipedia.org/wiki/Agag","https://en.wikipedia.org/wiki/Agag","","","Agag","verified_exact_or_redirect",""
"Ahab","https://en.wikipedia.org/wiki/Ahab","https://en.wikipedia.org/wiki/Ahab","https://he.wikipedia.org/wiki/%D7%90%D7%97%D7%90%D7%91","אחאב","Ahab","verified_exact_or_redirect",""
"Ahab ben Omri","","","","","","no_exact_page",""
"Ahab, son of Omri","","","","","","no_exact_page",""
"Ahasuerus","https://en.wikipedia.org/wiki/Ahasuerus#Book_of_Esther","https://en.wikipedia.org/wiki/Ahasuerus","","","Ahasuerus","verified_exact_or_redirect",""
"Ahaz","https://en.wikipedia.org/wiki/Ahaz","https://en.wikipedia.org/wiki/Ahaz","","","Ahaz","verified_exact_or_redirect",""
"Ahaziah","","https://en.wikipedia.org/wiki/Ahaziah","","","Ahaziah","verified_exact_or_redirect",""
"Ahijah the Shilonite","https://en.wikipedia.org/wiki/Ahijah_the_Shilonite","https://en.wikipedia.org/wiki/Ahijah_the_Shilonite","","","Ahijah the Shilonite","verified_exact_or_redirect",""
"Ahijah, son of Shamhazai","","","","","","no_exact_page",""
"Ahiman","https://en.wikipedia.org/wiki/Ahiman","https://en.wikipedia.org/wiki/Ahiman","","","Ahiman","verified_exact_or_redirect",""
"Ahimelech, son of Ahitub","","","","","","no_exact_page",""
"Ahithophel","https://en.wikipedia.org/wiki/Ahitophel","https://en.wikipedia.org/wiki/Ahitophel","","","Ahitophel","verified_exact_or_redirect",""
"Ahitophel","https://en.wikipedia.org/wiki/Ahitophel","https://en.wikipedia.org/wiki/Ahitophel","","","Ahitophel","verified_exact_or_redirect",""
"Amasa","","https://en.wikipedia.org/wiki/Amasa","","","Amasa","verified_exact_or_redirect",""
"Amatlai bat Karnevo","","","","","","no_exact_page",""
"Amatlai bat Orevati","","","","","","no_exact_page",""
"Amaziah","","https://en.wikipedia.org/wiki/Amaziah","","","Amaziah","verified_exact_or_redirect",""
"Ammon and Moab","","","","","","no_exact_page",""
"Amnon","https://en.wikipedia.org/wiki/Amnon","https://en.wikipedia.org/wiki/Amnon","","","Amnon","verified_exact_or_redirect",""
"Amnon and Tamar","","","","","","no_exact_page",""
"Amnon, son of David","","","","","","no_exact_page",""
"Amon","https://en.wikipedia.org/wiki/Amon_of_Judah","https://en.wikipedia.org/wiki/Amon","","","Amon","disambiguation_only","resolved to disambiguation page"
"Amos","https://en.wikipedia.org/wiki/Book_of_Amos","https://en.wikipedia.org/wiki/Amos","","","Amos","disambiguation_only","resolved to disambiguation page"
"Amoz","","https://en.wikipedia.org/wiki/Amoz","","","Amoz","verified_exact_or_redirect",""
"Amram, father of Moses","","","","","","no_exact_page",""
"Amraphel","","https://en.wikipedia.org/wiki/Amraphel","","","Amraphel","verified_exact_or_redirect",""
"Anah","","https://en.wikipedia.org/wiki/Anah","","","Anah","verified_exact_or_redirect",""
"Anammelech","","https://en.wikipedia.org/wiki/Anammelech","","","Anammelech","verified_exact_or_redirect",""
"Arad","","https://en.wikipedia.org/wiki/Arad","","","Arad","disambiguation_only","resolved to disambiguation page"
"Araunah","","https://en.wikipedia.org/wiki/Araunah","","","Araunah","verified_exact_or_redirect",""
"Artaxerxes","","https://en.wikipedia.org/wiki/Artaxerxes","","","Artaxerxes","disambiguation_only","resolved to disambiguation page"
"Asa","https://en.wikipedia.org/wiki/Asa_of_Judah","https://en.wikipedia.org/wiki/Asa","","","Asa","disambiguation_only","resolved to disambiguation page"
"Asahel","","https://en.wikipedia.org/wiki/Asahel","","","Asahel","verified_exact_or_redirect",""
"Asaph","https://en.wikipedia.org/wiki/Psalms_of_Asaph","https://en.wikipedia.org/wiki/Asaph","","","Asaph","disambiguation_only","resolved to disambiguation page"
"Asher","https://en.wikipedia.org/wiki/Asher","https://en.wikipedia.org/wiki/Asher","","","Asher","verified_exact_or_redirect",""
"Ashhur","","","","","","no_exact_page",""
"Avishai ben Tzeruya","","","","","","no_exact_page",""
"Avshalom","","https://en.wikipedia.org/wiki/Absalom","","","Absalom","verified_exact_or_redirect",""
"Azubah","","https://en.wikipedia.org/wiki/Azubah","","","Azubah","disambiguation_only","resolved to disambiguation page"
"Baal","","https://en.wikipedia.org/wiki/Baal","","","Baal","verified_exact_or_redirect",""
"Baasa, son of Ahijah","","","","","","no_exact_page",""
"Balaam","https://en.wikipedia.org/wiki/Balaam#Hebrew_Bible","https://en.wikipedia.org/wiki/Balaam","","","Balaam","verified_exact_or_redirect",""
"Balaam the wicked","","","","","","no_exact_page",""
"Baladan","","https://en.wikipedia.org/wiki/Marduk-apla-iddina_II","","","Marduk-apla-iddina II","verified_exact_or_redirect",""
"Baladan, son of Baladan","","","","","","no_exact_page",""
"Balak","https://en.wikipedia.org/wiki/Balak","https://en.wikipedia.org/wiki/Balak","","","Balak","verified_exact_or_redirect",""
"Barak","","https://en.wikipedia.org/wiki/Barak","","","Barak","verified_exact_or_redirect",""
"Baruch ben Neriah","https://en.wikipedia.org/wiki/Baruch_ben_Neriah","https://en.wikipedia.org/wiki/Baruch_ben_Neriah","","","Baruch ben Neriah","verified_exact_or_redirect",""
"Baruch, the son of Neriah","","","","","","no_exact_page",""
"Barzillai the Gileadite","","","","","","no_exact_page",""
"Bathsheba","https://en.wikipedia.org/wiki/Bathsheba#Biblical_account","https://en.wikipedia.org/wiki/Bathsheba","","","Bathsheba","verified_exact_or_redirect",""
"Bathsheba, daughter of Eliam","","","","","","no_exact_page",""
"Bedan","","https://en.wikipedia.org/wiki/Bedan","","","Bedan","verified_exact_or_redirect",""
"Bela","https://en.wikipedia.org/wiki/List_of_minor_Hebrew_Bible_figures,_A%E2%80%93K#Bela","https://en.wikipedia.org/wiki/Bela","","","Bela","disambiguation_only","resolved to disambiguation page"
"Belshazzar","https://en.wikipedia.org/wiki/Belshazzar","https://en.wikipedia.org/wiki/Belshazzar","","","Belshazzar","verified_exact_or_redirect",""
"Benaiah","https://en.wikipedia.org/wiki/Benaiah#Benaiah,_son_of_Jehoiada","https://en.wikipedia.org/wiki/Benaiah","","","Benaiah","verified_exact_or_redirect",""
"Benaiah ben Jehoiada","","","","","","no_exact_page",""
"Benaiah the son of Jehoiada","","https://en.wikipedia.org/wiki/Benaiah","","","Benaiah","verified_exact_or_redirect",""
"Benaiah, son of Jehoiada","","","","","","no_exact_page",""
"Benayahu, son of Jehoiada","https://en.wikipedia.org/wiki/Benaiah#Benaiah,_son_of_Jehoiada","","","","","no_exact_page",""
"Benjamin","https://en.wikipedia.org/wiki/Benjamin#Benjamin's_sons","https://en.wikipedia.org/wiki/Benjamin","https://he.wikipedia.org/wiki/%D7%91%D7%A0%D7%99%D7%9E%D7%99%D7%9F","בנימין","Benjamin","verified_exact_or_redirect",""
"Benjamin the righteous","","","","","","no_exact_page",""
"Benjamin, son of Jacob","","","","","","no_exact_page",""
"Beor","","https://en.wikipedia.org/wiki/Beor","","","Beor","disambiguation_only","resolved to disambiguation page"
"Bezalel","https://en.wikipedia.org/wiki/Bezalel","https://en.wikipedia.org/wiki/Bezalel","","","Bezalel","verified_exact_or_redirect",""
"Bigtan and Teresh","","","","","","no_exact_page",""
"Bigthan","","https://en.wikipedia.org/wiki/Bigthan_and_Teresh","","","Bigthan and Teresh","verified_exact_or_redirect",""
"Bildad the Shuhite","https://en.wikipedia.org/wiki/Bildad","https://en.wikipedia.org/wiki/Bildad","","","Bildad","verified_exact_or_redirect",""
"Bithiah","","https://en.wikipedia.org/wiki/Pharaoh's_daughter_(Exodus)","","","Pharaoh's daughter (Exodus)","verified_exact_or_redirect",""
"Boaz","https://en.wikipedia.org/wiki/Boaz","https://en.wikipedia.org/wiki/Boaz","","","Boaz","verified_exact_or_redirect",""
"Cain","","https://en.wikipedia.org/wiki/Cain","","","Cain","verified_exact_or_redirect",""
"Caleb","https://en.wikipedia.org/wiki/Caleb","https://en.wikipedia.org/wiki/Caleb","","","Caleb","verified_exact_or_redirect",""
"Caleb, son of Jephunneh","","","","","","no_exact_page",""
"Chileab, son of David","","","","","","no_exact_page",""
"Chilion","","https://en.wikipedia.org/wiki/Mahlon_and_Chilion","","","Mahlon and Chilion","verified_exact_or_redirect",""
"Cozbi","https://en.wikipedia.org/wiki/Cozbi","https://en.wikipedia.org/wiki/Cozbi","","","Cozbi","verified_exact_or_redirect",""
"Cushan-Rishathaim","","https://en.wikipedia.org/wiki/Cushan-rishathaim","","","Cushan-rishathaim","verified_exact_or_redirect",""
"Cyrus","https://en.wikipedia.org/wiki/Cyrus_the_Great","https://en.wikipedia.org/wiki/Cyrus","","","Cyrus","verified_exact_or_redirect",""
"Daniel","https://en.wikipedia.org/wiki/Daniel_(biblical_figure)","https://en.wikipedia.org/wiki/Daniel","","","Daniel","disambiguation_only","resolved to disambiguation page"
"Darius","","https://en.wikipedia.org/wiki/Darius","","","Darius","disambiguation_only","resolved to disambiguation page"
"Dathan","https://en.wikipedia.org/wiki/Dathan","https://en.wikipedia.org/wiki/Dathan","","","Dathan","verified_exact_or_redirect",""
"Daughters of Zelophehad","https://en.wikipedia.org/wiki/Daughters_of_Zelophehad","https://en.wikipedia.org/wiki/Daughters_of_Zelophehad","","","Daughters of Zelophehad","verified_exact_or_redirect",""
"David","https://en.wikipedia.org/wiki/David","https://en.wikipedia.org/wiki/David","https://he.wikipedia.org/wiki/%D7%93%D7%95%D7%93","דוד","David","verified_exact_or_redirect",""
"David, son of Yishai","","","","","","no_exact_page",""
"Deborah","https://en.wikipedia.org/wiki/Deborah","https://en.wikipedia.org/wiki/Deborah","","","Deborah","verified_exact_or_redirect",""
"Delilah","https://en.wikipedia.org/wiki/Delilah","https://en.wikipedia.org/wiki/Delilah","","","Delilah","verified_exact_or_redirect",""
"descendant of Noah","","","","","","no_exact_page",""
"descendants of Noah","","https://en.wikipedia.org/wiki/Generations_of_Noah","","","Generations of Noah","verified_exact_or_redirect",""
"Dina, the daughter of Jacob","","","","","","no_exact_page",""
"Doeg","https://en.wikipedia.org/wiki/Doeg_the_Edomite","https://en.wikipedia.org/wiki/Doeg","","","Doeg","disambiguation_only","resolved to disambiguation page"
"Doeg the Edomite","https://en.wikipedia.org/wiki/Doeg_the_Edomite#In_Rabbinical_literature","https://en.wikipedia.org/wiki/Doeg_the_Edomite","","","Doeg the Edomite","verified_exact_or_redirect",""
"Eber","https://en.wikipedia.org/wiki/Eber","https://en.wikipedia.org/wiki/Eber","","","Eber","verified_exact_or_redirect",""
"Ebiathar","","","","","","no_exact_page",""
"Eglah","https://en.wikipedia.org/wiki/List_of_minor_Hebrew_Bible_figures,_A%E2%80%93K#Eglah","https://en.wikipedia.org/wiki/List_of_minor_Hebrew_Bible_figures%2C_A%E2%80%93K","","","List of minor Hebrew Bible figures, A–K","verified_exact_or_redirect",""
"Eglon","https://en.wikipedia.org/wiki/Eglon_(king)","https://en.wikipedia.org/wiki/Eglon","","","Eglon","disambiguation_only","resolved to disambiguation page"
"Eglon, king of Moab","","","","","","no_exact_page",""
"Eglon, son of Balak","","","","","","no_exact_page",""
"Eglon, son of the son of Balak, king of Moab","","","","","","no_exact_page",""
"Eldad and Medad","https://en.wikipedia.org/wiki/Eldad_and_Medad","https://en.wikipedia.org/wiki/Eldad_and_Medad","","","Eldad and Medad","verified_exact_or_redirect",""
"Eli","https://en.wikipedia.org/wiki/Eli_(biblical_figure)","https://en.wikipedia.org/wiki/Eli","","","Eli","disambiguation_only","resolved to disambiguation page"
"Eliezer, servant of Abraham","https://en.wikipedia.org/wiki/Eliezer#The_servant_of_Abraham","","","","","no_exact_page",""
"Eliezer, the servant of Abraham","","","","","","no_exact_page",""
"Elihu ben Barachel","","","","","","no_exact_page",""
"Elihu ben Barachel the Buzite","https://en.wikipedia.org/wiki/Elihu_(biblical_figure)","","","","","no_exact_page",""
"Elihu, son of Barachel, the Buzite","","","","","","no_exact_page",""
"Elimelech","","https://en.wikipedia.org/wiki/Elimelech","","","Elimelech","verified_exact_or_redirect",""
"Eliphaz the Temanite","https://en.wikipedia.org/wiki/Eliphaz_(Job)","https://en.wikipedia.org/wiki/Eliphaz_(Job)","","","Eliphaz (Job)","verified_exact_or_redirect",""
"Eliphaz, son of Esau","","","","","","no_exact_page",""
"Elisha","https://en.wikipedia.org/wiki/Elisha","https://en.wikipedia.org/wiki/Elisha","","","Elisha","verified_exact_or_redirect",""
"Elisheva","https://en.wikipedia.org/wiki/Elisheba","https://en.wikipedia.org/wiki/Elisheba","","","Elisheba","verified_exact_or_redirect",""
"Elpaal","","https://en.wikipedia.org/wiki/List_of_minor_Hebrew_Bible_figures%2C_A%E2%80%93K","","","List of minor Hebrew Bible figures, A–K","verified_exact_or_redirect",""
"Ephron","","https://en.wikipedia.org/wiki/Ephron","","","Ephron","verified_exact_or_redirect",""
"Er","","https://en.wikipedia.org/wiki/ER","","","ER","disambiguation_only","resolved to disambiguation page"
"Er and Onan","","","","","","no_exact_page",""
"Esau","https://en.wikipedia.org/wiki/Esau","https://en.wikipedia.org/wiki/Esau","","","Esau","verified_exact_or_redirect",""
"Esther","https://en.wikipedia.org/wiki/Esther#Name","https://en.wikipedia.org/wiki/Esther","","","Esther","verified_exact_or_redirect",""
"Evil-merodach","https://en.wikipedia.org/wiki/Amel-Marduk","https://en.wikipedia.org/wiki/Amel-Marduk","","","Amel-Marduk","verified_exact_or_redirect",""
"Ezekiel","https://en.wikipedia.org/wiki/Ezekiel","https://en.wikipedia.org/wiki/Ezekiel","","","Ezekiel","verified_exact_or_redirect",""
"Ezekiel ben Buzi","","","","","","no_exact_page",""
"Ezekiel, son of Buzi","","","","","","no_exact_page",""
"Ezra","https://en.wikipedia.org/wiki/Ezra","https://en.wikipedia.org/wiki/Ezra","https://he.wikipedia.org/wiki/%D7%A2%D7%96%D7%A8%D7%90_%D7%94%D7%A1%D7%95%D7%A4%D7%A8","עזרא הסופר","Ezra","verified_exact_or_redirect",""
"Gabriel","https://en.wikipedia.org/wiki/Gabriel","https://en.wikipedia.org/wiki/Gabriel","","","Gabriel","verified_exact_or_redirect",""
"Gad","","https://en.wikipedia.org/wiki/Gad","","","Gad","disambiguation_only","resolved to disambiguation page"
"Gad the seer","https://en.wikipedia.org/wiki/Gad_(prophet)","","","","","no_exact_page",""
"Gedaliah ben Ahikam","","","","","","no_exact_page",""
"Gedaliah, son of Ahikam","","","","","","no_exact_page",""
"Gehazi","https://en.wikipedia.org/wiki/Gehazi","https://en.wikipedia.org/wiki/Gehazi","","","Gehazi","verified_exact_or_redirect",""
"Geihazi","","","","","","no_exact_page",""
"Gideon","https://en.wikipedia.org/wiki/Gideon","https://en.wikipedia.org/wiki/Gideon","","","Gideon","verified_exact_or_redirect",""
"Gog and Magog","https://en.wikipedia.org/wiki/Gog_and_Magog#Names","https://en.wikipedia.org/wiki/Gog_and_Magog","","","Gog and Magog","verified_exact_or_redirect",""
"Goliath","","https://en.wikipedia.org/wiki/Goliath","","","Goliath","verified_exact_or_redirect",""
"Habakkuk","","https://en.wikipedia.org/wiki/Habakkuk","","","Habakkuk","verified_exact_or_redirect",""
"Hadadrimmon, son of Tabrimmon","","","","","","no_exact_page",""
"Hadadrimmon, son of Tavrimon","","","","","","no_exact_page",""
"Hadassah","","https://en.wikipedia.org/wiki/Hadassah","","","Hadassah","disambiguation_only","resolved to disambiguation page"
"Hadrimmon ben Tabrimmon","","","","","","no_exact_page",""
"Haggai, Zechariah, and Malachi","","","","","","no_exact_page",""
"Haggith","","https://en.wikipedia.org/wiki/Haggith","","","Haggith","verified_exact_or_redirect",""
"Ham","https://en.wikipedia.org/wiki/Ham_(Genesis)","https://en.wikipedia.org/wiki/Ham","","","Ham","verified_exact_or_redirect",""
"Haman","https://en.wikipedia.org/wiki/Haman","https://en.wikipedia.org/wiki/Haman","","","Haman","verified_exact_or_redirect",""
"Hanamel","","","","","","no_exact_page",""
"Hanani","","https://en.wikipedia.org/wiki/Hanani","","","Hanani","verified_exact_or_redirect",""
"Hananiah, Mishael, and Azariah","https://en.wikipedia.org/wiki/Shadrach,_Meshach,_and_Abednego","https://en.wikipedia.org/wiki/Shadrach%2C_Meshach%2C_and_Abednego","","","Shadrach, Meshach, and Abednego","verified_exact_or_redirect",""
"Hananiah, son of Azzur","","https://en.wikipedia.org/wiki/Book_of_Jeremiah","https://he.wikipedia.org/wiki/%D7%A1%D7%A4%D7%A8_%D7%99%D7%A8%D7%9E%D7%99%D7%94%D7%95","ספר ירמיהו","Book of Jeremiah","verified_exact_or_redirect",""
"Hannah","https://en.wikipedia.org/wiki/Women_in_the_Bible#Hannah","https://en.wikipedia.org/wiki/Hannah","","","Hannah","disambiguation_only","resolved to disambiguation page"
"Harafa","","https://en.wikipedia.org/wiki/Orpah","","","Orpah","verified_exact_or_redirect",""
"Haran","https://en.wikipedia.org/wiki/Harran_(biblical_place)#Biblical_mentions","https://en.wikipedia.org/wiki/Haran","","","Haran","verified_exact_or_redirect",""
"Harim","https://en.wikipedia.org/wiki/Harim","https://en.wikipedia.org/wiki/List_of_minor_Hebrew_Bible_figures%2C_A%E2%80%93K","","","List of minor Hebrew Bible figures, A–K","verified_exact_or_redirect",""
"Hatach","","https://en.wikipedia.org/wiki/List_of_minor_Hebrew_Bible_figures%2C_A%E2%80%93K","","","List of minor Hebrew Bible figures, A–K","verified_exact_or_redirect",""
"Hathach","https://en.wikipedia.org/wiki/List_of_minor_Hebrew_Bible_figures,_A%E2%80%93K#Hathach","","","","","no_exact_page",""
"Helah","https://en.wikipedia.org/wiki/List_of_minor_Hebrew_Bible_figures,_A%E2%80%93K#Helah","https://en.wikipedia.org/wiki/Ashur_(Bible)","","","Ashur (Bible)","verified_exact_or_redirect",""
"Heman","https://en.wikipedia.org/wiki/Heman_the_Ezrahite","https://en.wikipedia.org/wiki/Heman","","","Heman","disambiguation_only","resolved to disambiguation page"
"Hepher","","https://en.wikipedia.org/wiki/Hepher","","","Hepher","verified_exact_or_redirect",""
"Hezekiah","https://en.wikipedia.org/wiki/Hezekiah","https://en.wikipedia.org/wiki/Hezekiah","","","Hezekiah","verified_exact_or_redirect",""
"Hezekiah, king of Judea","","","","","","no_exact_page",""
"Hezron","https://en.wikipedia.org/wiki/Hezron","https://en.wikipedia.org/wiki/Hezron","","","Hezron","verified_exact_or_redirect",""
"Hilkiah","https://en.wikipedia.org/wiki/Hilkiah#Patrilineal_Ancestry","https://en.wikipedia.org/wiki/Hilkiah","","","Hilkiah","verified_exact_or_redirect",""
"Ḥiram","","","","","","no_exact_page",""
"Ḥiram, king of Tyre","","","","","","no_exact_page",""
"Ḥofni and Pineḥas the sons of Eli","","","","","","no_exact_page",""
"Hophni","","https://en.wikipedia.org/wiki/Hophni_and_Phinehas","","","Hophni and Phinehas","verified_exact_or_redirect",""
"Hosea","https://en.wikipedia.org/wiki/Hosea","https://en.wikipedia.org/wiki/Hosea","https://he.wikipedia.org/wiki/%D7%94%D7%95%D7%A9%D7%A2_%D7%91%D7%9F_%D7%91%D7%90%D7%A8%D7%99","הושע בן בארי","Hosea","verified_exact_or_redirect",""
"Hosea, son of Beeri","","","","","","no_exact_page",""
"Hoshea ben Elah","","","","","","no_exact_page",""
"Hoshea, son of Ela","","","","","","no_exact_page",""
"Hoshea, son of Elah","","","","","","no_exact_page",""
"Huldah","https://en.wikipedia.org/wiki/Huldah","https://en.wikipedia.org/wiki/Huldah","","","Huldah","verified_exact_or_redirect",""
"Huldah the prophetess","","","","","","no_exact_page",""
"Hushim, the son of Dan","","","","","","no_exact_page",""
"Ibzan","","https://en.wikipedia.org/wiki/Ibzan","","","Ibzan","verified_exact_or_redirect",""
"Iddo","","https://en.wikipedia.org/wiki/Iddo","","","Iddo","disambiguation_only","resolved to disambiguation page"
"Iddo the prophet","","","","","","no_exact_page",""
"Immer","https://en.wikipedia.org/wiki/List_of_minor_Hebrew_Bible_figures,_A%E2%80%93K#Immer","https://en.wikipedia.org/wiki/Immer","","","Immer","verified_exact_or_redirect",""
"Ira HaYa’iri","","","","","","no_exact_page",""
"Ira the Yairite","","","","","","no_exact_page",""
"Isaac","https://en.wikipedia.org/wiki/Isaac","https://en.wikipedia.org/wiki/Isaac","","","Isaac","verified_exact_or_redirect",""
"Isaac, son of Abraham","","","","","","no_exact_page",""
"Isaiah","https://en.wikipedia.org/wiki/Isaiah","https://en.wikipedia.org/wiki/Isaiah","https://he.wikipedia.org/wiki/%D7%99%D7%A9%D7%A2%D7%99%D7%94%D7%95","ישעיהו","Isaiah","verified_exact_or_redirect",""
"Iscah","https://en.wikipedia.org/wiki/Iscah","https://en.wikipedia.org/wiki/Iscah","","","Iscah","verified_exact_or_redirect",""
"Ish Boshet","","","","","","no_exact_page",""
"Ishbi in Nob","","","","","","no_exact_page",""
"Ishbibenob","https://en.wikipedia.org/wiki/List_of_minor_Hebrew_Bible_figures,_A%E2%80%93K#Ishbi-benob","https://en.wikipedia.org/wiki/List_of_minor_Hebrew_Bible_figures%2C_A%E2%80%93K","","","List of minor Hebrew Bible figures, A–K","verified_exact_or_redirect",""
"Ish-bosheth","","https://en.wikipedia.org/wiki/Ish-bosheth","","","Ish-bosheth","verified_exact_or_redirect",""
"Ishi","","https://en.wikipedia.org/wiki/Ishi","","","Ishi","verified_exact_or_redirect",""
"Ishmael","https://en.wikipedia.org/wiki/Ishmael","https://en.wikipedia.org/wiki/Ishmael","","","Ishmael","verified_exact_or_redirect",""
"Ishmael, son of Abraham","","","","","","no_exact_page",""
"Ishmael, son of Nethaniah","","","","","","no_exact_page",""
"Issachar","https://en.wikipedia.org/wiki/Issachar","https://en.wikipedia.org/wiki/Issachar","","","Issachar","verified_exact_or_redirect",""
"Istahar","","","","","","no_exact_page",""
"Ittai the Gittite","","","","","","no_exact_page",""
"Jacob","https://en.wikipedia.org/wiki/Jacob","https://en.wikipedia.org/wiki/Jacob","","","Jacob","verified_exact_or_redirect",""
"Jacob our forefather","","","","","","no_exact_page",""
"Jacob, our patriarch","","","","","","no_exact_page",""
"Japheth","","https://en.wikipedia.org/wiki/Japheth","","","Japheth","verified_exact_or_redirect",""
"Jeconiah","https://en.wikipedia.org/wiki/Jeconiah","https://en.wikipedia.org/wiki/Jeconiah","","","Jeconiah","verified_exact_or_redirect",""
"Jedaiah","https://en.wikipedia.org/wiki/Jedaiah","https://en.wikipedia.org/wiki/Jedaiah","","","Jedaiah","verified_exact_or_redirect",""
"Jeduthun","https://en.wikipedia.org/wiki/Jeduthun","https://en.wikipedia.org/wiki/Jeduthun","","","Jeduthun","verified_exact_or_redirect",""
"Jehoahaz","https://en.wikipedia.org/wiki/Jehoahaz_of_Judah","https://en.wikipedia.org/wiki/Jehoahaz","","","Jehoahaz","disambiguation_only","resolved to disambiguation page"
"Jehoiachin","https://en.wikipedia.org/wiki/Jeconiah","https://en.wikipedia.org/wiki/Jeconiah","","","Jeconiah","verified_exact_or_redirect",""
"Jehoiada","https://en.wikipedia.org/wiki/Jehoiada","https://en.wikipedia.org/wiki/Jehoiada","","","Jehoiada","verified_exact_or_redirect",""
"Jehoiada the priest","","","","","","no_exact_page",""
"Jehoiakim","https://en.wikipedia.org/wiki/Jehoiakim","https://en.wikipedia.org/wiki/Jehoiakim","","","Jehoiakim","verified_exact_or_redirect",""
"Jehoiarib","https://en.wikipedia.org/wiki/Jehoiarib","https://en.wikipedia.org/wiki/Jehoiarib","","","Jehoiarib","verified_exact_or_redirect",""
"Jehoram","","https://en.wikipedia.org/wiki/Jehoram","","","Jehoram","disambiguation_only","resolved to disambiguation page"
"Jehoram, son of Ahab","","","","","","no_exact_page",""
"Jehosaphat","","https://en.wikipedia.org/wiki/Jehoshaphat","https://he.wikipedia.org/wiki/%D7%99%D7%94%D7%95%D7%A9%D7%A4%D7%98","יהושפט","Jehoshaphat","verified_exact_or_redirect",""
"Jehoshaphat","https://en.wikipedia.org/wiki/Jehoshaphat","https://en.wikipedia.org/wiki/Jehoshaphat","https://he.wikipedia.org/wiki/%D7%99%D7%94%D7%95%D7%A9%D7%A4%D7%98","יהושפט","Jehoshaphat","verified_exact_or_redirect",""
"Jehoshaphat, king of Judea","","","","","","no_exact_page",""
"Jehu","https://en.wikipedia.org/wiki/Jehu#Jezreel_and_the_deaths_of_Jehoram_and_Jezebel","https://en.wikipedia.org/wiki/Jehu","","","Jehu","verified_exact_or_redirect",""
"Jehu, son of Nimshi","","","","","","no_exact_page",""
"Jemimah","","https://en.wikipedia.org/wiki/Jemima","","","Jemima","verified_exact_or_redirect",""
"Jephthah","","https://en.wikipedia.org/wiki/Jephthah","","","Jephthah","verified_exact_or_redirect",""
"Jephthah the Gileadite","","","","","","no_exact_page",""
"Jephunneh","https://en.wikipedia.org/wiki/List_of_minor_Hebrew_Bible_figures,_A%E2%80%93K#Jephunneh","https://en.wikipedia.org/wiki/List_of_minor_Hebrew_Bible_figures%2C_A%E2%80%93K","","","List of minor Hebrew Bible figures, A–K","verified_exact_or_redirect",""
"Jered","","https://en.wikipedia.org/wiki/Jared","","","Jared","verified_exact_or_redirect",""
"Jeremiah","https://en.wikipedia.org/wiki/Jeremiah","https://en.wikipedia.org/wiki/Jeremiah","","","Jeremiah","verified_exact_or_redirect",""
"Jeremiah, son of Hilkiah","","","","","","no_exact_page",""
"Jerioth","https://en.wikipedia.org/wiki/List_of_minor_Hebrew_Bible_figures,_A%E2%80%93K#Jerioth","https://en.wikipedia.org/wiki/List_of_minor_Hebrew_Bible_figures%2C_A%E2%80%93K","","","List of minor Hebrew Bible figures, A–K","verified_exact_or_redirect",""
"Jeroboam","https://en.wikipedia.org/wiki/Jeroboam","https://en.wikipedia.org/wiki/Jeroboam","","","Jeroboam","verified_exact_or_redirect",""
"Jeroboam ben Joash","","https://en.wikipedia.org/wiki/Jeroboam_II","","","Jeroboam II","verified_exact_or_redirect",""
"Jeroboam ben Nevat","","","","","","no_exact_page",""
"Jeroboam, son of Joash","","","","","","no_exact_page",""
"Jeroboam, son of Nebat","","","","","","no_exact_page",""
"Jeroboam, son of Nevat","","","","","","no_exact_page",""
"Jerubaal","","","","","","no_exact_page",""
"Jesher","https://en.wikipedia.org/wiki/List_of_minor_Hebrew_Bible_figures,_A%E2%80%93K#Jesher","https://en.wikipedia.org/wiki/List_of_minor_Hebrew_Bible_figures%2C_A%E2%80%93K","","","List of minor Hebrew Bible figures, A–K","verified_exact_or_redirect",""
"Jesse","https://en.wikipedia.org/wiki/Jesse_(biblical_figure)","https://en.wikipedia.org/wiki/Jesse","","","Jesse","disambiguation_only","resolved to disambiguation page"
"Jesse, father of David","","","","","","no_exact_page",""
"Jezebel","","https://en.wikipedia.org/wiki/Jezebel","","","Jezebel","verified_exact_or_redirect",""
"Joab","https://en.wikipedia.org/wiki/Joab","https://en.wikipedia.org/wiki/Joab","","","Joab","verified_exact_or_redirect",""
"Joab ben Zeruiah","","","","","","no_exact_page",""
"Joab, son of Zeruiah","","","","","","no_exact_page",""
"Joash","https://en.wikipedia.org/wiki/Jehoash_of_Judah","https://en.wikipedia.org/wiki/Jehoash","","","Jehoash","disambiguation_only","resolved to disambiguation page"
"Joash, king of Israel","","","","","","no_exact_page",""
"Job","https://en.wikipedia.org/wiki/Job_(biblical_figure)","https://en.wikipedia.org/wiki/Job","","","Job","verified_exact_or_redirect",""
"Jochebed","https://en.wikipedia.org/wiki/Jochebed","https://en.wikipedia.org/wiki/Jochebed","","","Jochebed","verified_exact_or_redirect",""
"Joel","","https://en.wikipedia.org/wiki/Joel","","","Joel","disambiguation_only","resolved to disambiguation page"
"Joel, son of Pethuel","","","","","","no_exact_page",""
"Johanan","https://en.wikipedia.org/wiki/Johanan_(name)","https://en.wikipedia.org/wiki/Yohanan","","","Yohanan","verified_exact_or_redirect",""
"Johanan, son of Kareah","","https://en.wikipedia.org/wiki/List_of_minor_Hebrew_Bible_figures%2C_A%E2%80%93K","","","List of minor Hebrew Bible figures, A–K","verified_exact_or_redirect",""
"Joiarib","","https://en.wikipedia.org/wiki/List_of_minor_Hebrew_Bible_figures%2C_A%E2%80%93K","","","List of minor Hebrew Bible figures, A–K","verified_exact_or_redirect",""
"Jonadab ben Rechab","","https://en.wikipedia.org/wiki/Jehonadab","","","Jehonadab","verified_exact_or_redirect",""
"Jonadab, son of Rechab","","","","","","no_exact_page",""
"Jonah","https://en.wikipedia.org/wiki/Jonah#The_fish","https://en.wikipedia.org/wiki/Jonah","","","Jonah","verified_exact_or_redirect",""
"Jonah, son of Amittai","","","","","","no_exact_page",""
"Jonah’s wife","","","","","","no_exact_page",""
"Jonathan","https://en.wikipedia.org/wiki/Jonathan_(name)","https://en.wikipedia.org/wiki/Jonathan","","","Jonathan","disambiguation_only","resolved to disambiguation page"
"Jonathan, son of Saul","https://en.wikipedia.org/wiki/Jonathan_(1_Samuel)","","","","","no_exact_page",""
"Joram","","https://en.wikipedia.org/wiki/Joram","","","Joram","disambiguation_only","resolved to disambiguation page"
"Joram, son of Ahab","","","","","","no_exact_page",""
"Joseph","https://en.wikipedia.org/wiki/Joseph_(Genesis)","https://en.wikipedia.org/wiki/Joseph","","","Joseph","verified_exact_or_redirect",""
"Joseph the righteous","","","","","","no_exact_page",""
"Joshua","https://en.wikipedia.org/wiki/Joshua","https://en.wikipedia.org/wiki/Joshua","","","Joshua","verified_exact_or_redirect",""
"Joshua bin Nun","","https://en.wikipedia.org/wiki/Joshua","","","Joshua","verified_exact_or_redirect",""
"Joshua the High Priest","https://en.wikipedia.org/wiki/Joshua_the_High_Priest","https://en.wikipedia.org/wiki/Joshua_the_High_Priest","","","Joshua the High Priest","verified_exact_or_redirect",""
"Joshua the son of Nun","","","","","","no_exact_page",""
"Joshua, son of Nun","","https://en.wikipedia.org/wiki/Joshua","","","Joshua","verified_exact_or_redirect",""
"Joshua, the son of Nun","","","","","","no_exact_page",""
"Josiah","https://en.wikipedia.org/wiki/Josiah","https://en.wikipedia.org/wiki/Josiah","","","Josiah","verified_exact_or_redirect",""
"Josiah the son of Amon","","","","","","no_exact_page",""
"Josiah, son of Amon","","","","","","no_exact_page",""
"Jotham","","https://en.wikipedia.org/wiki/Jotham","","","Jotham","verified_exact_or_redirect",""
"Jotham ben Uzziah","","","","","","no_exact_page",""
"Judah","https://en.wikipedia.org/wiki/Tribe_of_Judah","https://en.wikipedia.org/wiki/Judah","","","Judah","disambiguation_only","resolved to disambiguation page"
"Keren-happuch","https://en.wikipedia.org/wiki/Keren-happuch","https://en.wikipedia.org/wiki/Keren-happuch","","","Keren-happuch","verified_exact_or_redirect",""
"Keziah","https://en.wikipedia.org/wiki/Keziah","https://en.wikipedia.org/wiki/Keziah","","","Keziah","verified_exact_or_redirect",""
"Kilab, son of David","","","","","","no_exact_page",""
"Kilav","","","","","","no_exact_page",""
"King Ahasuerus","","https://en.wikipedia.org/wiki/Ahasuerus","","","Ahasuerus","verified_exact_or_redirect",""
"King Baladan","","","","","","no_exact_page",""
"King David","https://en.wikipedia.org/wiki/King_David","https://en.wikipedia.org/wiki/David","https://he.wikipedia.org/wiki/%D7%93%D7%95%D7%93","דוד","David","verified_exact_or_redirect",""
"King Hezekiah","","https://en.wikipedia.org/wiki/Hezekiah","https://he.wikipedia.org/wiki/%D7%97%D7%96%D7%A7%D7%99%D7%94%D7%95","חזקיהו","Hezekiah","verified_exact_or_redirect",""
"King Josiah","","https://en.wikipedia.org/wiki/Josiah","","","Josiah","verified_exact_or_redirect",""
"King Solomon","","https://en.wikipedia.org/wiki/Solomon","","","Solomon","verified_exact_or_redirect",""
"Korah","https://en.wikipedia.org/wiki/Korah#Genealogy","https://en.wikipedia.org/wiki/Korah","","","Korah","verified_exact_or_redirect",""
"Laban","","https://en.wikipedia.org/wiki/Laban","","","Laban","disambiguation_only","resolved to disambiguation page"
"Laban the Aramean","","","","","","no_exact_page",""
"Leah","https://en.wikipedia.org/wiki/Leah","https://en.wikipedia.org/wiki/Leah","","","Leah","verified_exact_or_redirect",""
"Maachah","","https://en.wikipedia.org/wiki/Maacah","","","Maacah","verified_exact_or_redirect",""
"Machir, son of Manasseh","","","","","","no_exact_page",""
"Madon","","https://en.wikipedia.org/wiki/Madon","","","Madon","verified_exact_or_redirect",""
"Mahalath, the daughter of Ishmael","","","","","","no_exact_page",""
"Mahlon","","https://en.wikipedia.org/wiki/Mahlon","","","Mahlon","verified_exact_or_redirect",""
"Mahseiah","","","","","","no_exact_page",""
"Malachi","https://en.wikipedia.org/wiki/Malachi","https://en.wikipedia.org/wiki/Malachi","","","Malachi","verified_exact_or_redirect",""
"Manasseh","https://en.wikipedia.org/wiki/Tribe_of_Manasseh","https://en.wikipedia.org/wiki/Manasseh","","","Manasseh","verified_exact_or_redirect",""
"Manasseh ben Hezekiah","","","","","","no_exact_page",""
"Manasseh, son of Hezekiah","","","","","","no_exact_page",""
"Manoah","","https://en.wikipedia.org/wiki/Manoah","","","Manoah","verified_exact_or_redirect",""
"matriarchs","https://en.wikipedia.org/wiki/Patriarchs_(Bible)#Matriarchs","https://en.wikipedia.org/wiki/Matriarchs","","","Matriarchs","disambiguation_only","resolved to disambiguation page"
"Mefivoshet","","","","","","no_exact_page",""
"Melchizedek","https://en.wikipedia.org/wiki/Melchizedek","https://en.wikipedia.org/wiki/Melchizedek","","","Melchizedek","verified_exact_or_redirect",""
"Memucan","https://en.wikipedia.org/wiki/Memucan","https://en.wikipedia.org/wiki/Memucan","","","Memucan","verified_exact_or_redirect",""
"Menahem, son of Gadi","","","","","","no_exact_page",""
"Mephibosheth","https://en.wikipedia.org/wiki/Mephibosheth","https://en.wikipedia.org/wiki/Mephibosheth","","","Mephibosheth","verified_exact_or_redirect",""
"Merab","","https://en.wikipedia.org/wiki/Merab","","","Merab","verified_exact_or_redirect",""
"Mered","https://en.wikipedia.org/wiki/Mered","https://en.wikipedia.org/wiki/Mered","","","Mered","verified_exact_or_redirect",""
"Meriv-Baal","","","","","","no_exact_page",""
"Mesha, king of Moab","","","","","","no_exact_page",""
"Meshullam","https://en.wikipedia.org/wiki/Meshullam","https://en.wikipedia.org/wiki/Meshullam","","","Meshullam","verified_exact_or_redirect",""
"Messiah","https://en.wikipedia.org/wiki/Messiah_in_Judaism","https://en.wikipedia.org/wiki/Messiah","","","Messiah","verified_exact_or_redirect",""
"Messiah ben David","","https://en.wikipedia.org/wiki/Messiah_in_Judaism","","","Messiah in Judaism","verified_exact_or_redirect",""
"Messiah ben Yosef","https://en.wikipedia.org/wiki/Messiah_ben_Joseph","","","","","no_exact_page",""
"Messiah, son of David","","","","","","no_exact_page",""
"Messiah, son of Yishai","","","","","","no_exact_page",""
"Methuselah","https://en.wikipedia.org/wiki/Methuselah","https://en.wikipedia.org/wiki/Methuselah","","","Methuselah","verified_exact_or_redirect",""
"Micah","https://en.wikipedia.org/wiki/Micah#Bible","https://en.wikipedia.org/wiki/Micah","","","Micah","verified_exact_or_redirect",""
"Micaiah","","https://en.wikipedia.org/wiki/Micaiah","","","Micaiah","verified_exact_or_redirect",""
"Michael the great ministering angel","","","","","","no_exact_page",""
"Michal","https://en.wikipedia.org/wiki/Michal","https://en.wikipedia.org/wiki/Michal","","","Michal","verified_exact_or_redirect",""
"Michal, daughter of Kushi","","","","","","no_exact_page",""
"Michal, the daughter of Saul","","","","","","no_exact_page",""
"Miriam","https://en.wikipedia.org/wiki/Miriam","https://en.wikipedia.org/wiki/Miriam","","","Miriam","verified_exact_or_redirect",""
"Mishael","","https://en.wikipedia.org/wiki/Mishael","","","Mishael","verified_exact_or_redirect",""
"Moab","https://en.wikipedia.org/wiki/Moab","https://en.wikipedia.org/wiki/Moab","","","Moab","verified_exact_or_redirect",""
"Mordecai","https://en.wikipedia.org/wiki/Mordecai","https://en.wikipedia.org/wiki/Mordecai","","","Mordecai","verified_exact_or_redirect",""
"Mordecai and Esther","","","","","","no_exact_page",""
"Moses","https://en.wikipedia.org/wiki/Moses","https://en.wikipedia.org/wiki/Moses","https://he.wikipedia.org/wiki/%D7%9E%D7%A9%D7%94","משה","Moses","verified_exact_or_redirect",""
"Na’ama the Ammonite","","","","","","no_exact_page",""
"Naamah the Ammonite","","","","","","no_exact_page",""
"Naaman","https://en.wikipedia.org/wiki/Naaman","https://en.wikipedia.org/wiki/Naaman","","","Naaman","verified_exact_or_redirect",""
"Naboth","","https://en.wikipedia.org/wiki/Naboth","","","Naboth","verified_exact_or_redirect",""
"Naboth the Jezreelite","","","","","","no_exact_page",""
"Nadav and Avihu","https://en.wikipedia.org/wiki/Nadab_and_Abihu","https://en.wikipedia.org/wiki/Nadab_and_Abihu","","","Nadab and Abihu","verified_exact_or_redirect",""
"Nahbi","https://en.wikipedia.org/wiki/List_of_minor_Hebrew_Bible_figures,_L%E2%80%93Z#Nahbi","https://en.wikipedia.org/wiki/List_of_minor_Hebrew_Bible_figures%2C_L%E2%80%93Z","","","List of minor Hebrew Bible figures, L–Z","verified_exact_or_redirect",""
"Nahor","","https://en.wikipedia.org/wiki/Nahor","","","Nahor","disambiguation_only","resolved to disambiguation page"
"Nahshon","","https://en.wikipedia.org/wiki/Nahshon","","","Nahshon","verified_exact_or_redirect",""
"Nahshon ben Amminadab","","","","","","no_exact_page",""
"Nahshon, son of Amminadab","","","","","","no_exact_page",""
"Naomi","https://en.wikipedia.org/wiki/Naomi_(biblical_figure)","https://en.wikipedia.org/wiki/Naomi","","","Naomi","disambiguation_only","resolved to disambiguation page"
"Naomi’s father","","","","","","no_exact_page",""
"Naphtali","https://en.wikipedia.org/wiki/Naphtali","https://en.wikipedia.org/wiki/Naphtali","","","Naphtali","verified_exact_or_redirect",""
"Nashyan","","","","","","no_exact_page",""
"Nathan the prophet","","","","","","no_exact_page",""
"Natzvat bat Ada’el","","","","","","no_exact_page",""
"Nebaioth","","https://en.wikipedia.org/wiki/Nebaioth","","","Nebaioth","verified_exact_or_redirect",""
"Nebat","https://en.wikipedia.org/wiki/List_of_minor_Hebrew_Bible_figures,_L%E2%80%93Z#Nebat","https://en.wikipedia.org/wiki/List_of_minor_Hebrew_Bible_figures%2C_L%E2%80%93Z","","","List of minor Hebrew Bible figures, L–Z","verified_exact_or_redirect",""
"Nebuchadnezzar","https://en.wikipedia.org/wiki/Nebuchadnezzar_II","https://en.wikipedia.org/wiki/Nebuchadnezzar_II","https://he.wikipedia.org/wiki/%D7%A0%D7%91%D7%95%D7%9B%D7%93%D7%A0%D7%90%D7%A6%D7%A8_%D7%94%D7%A9%D7%A0%D7%99","נבוכדנאצר השני","Nebuchadnezzar II","verified_exact_or_redirect",""
"Nebuchadnezzar the wicked","","","","","","no_exact_page",""
"Nebuzaradan","https://en.wikipedia.org/wiki/List_of_minor_Hebrew_Bible_figures,_L%E2%80%93Z#Nebuzaradan","https://en.wikipedia.org/wiki/List_of_minor_Hebrew_Bible_figures%2C_L%E2%80%93Z","","","List of minor Hebrew Bible figures, L–Z","verified_exact_or_redirect",""
"Nehemiah","https://en.wikipedia.org/wiki/Nehemiah","https://en.wikipedia.org/wiki/Nehemiah","","","Nehemiah","verified_exact_or_redirect",""
"Nehemiah ben Hacaliah","","","","","","no_exact_page",""
"Nehemiah, son of Hacaliah","","","","","","no_exact_page",""
"Nehemiah, son of Hachaliah","","","","","","no_exact_page",""
"Neriah","","https://en.wikipedia.org/wiki/Neriah","","","Neriah","verified_exact_or_redirect",""
"Nimrod","https://en.wikipedia.org/wiki/Nimrod","https://en.wikipedia.org/wiki/Nimrod","","","Nimrod","verified_exact_or_redirect",""
"Nimrod the wicked","","","","","","no_exact_page",""
"Noah","https://en.wikipedia.org/wiki/Noah#Noah's_drunkenness","https://en.wikipedia.org/wiki/Noah","https://he.wikipedia.org/wiki/%D7%A0%D7%97","נח","Noah","verified_exact_or_redirect",""
"Noah the righteous","","","","","","no_exact_page",""
"Obadiah","","https://en.wikipedia.org/wiki/Obadiah","","","Obadiah","verified_exact_or_redirect",""
"Obed","","https://en.wikipedia.org/wiki/Obed","","","Obed","disambiguation_only","resolved to disambiguation page"
"Og","https://en.wikipedia.org/wiki/Og","https://en.wikipedia.org/wiki/Og","","","Og","verified_exact_or_redirect",""
"Og, King of Bashan","","https://en.wikipedia.org/wiki/Og","","","Og","verified_exact_or_redirect",""
"Og, king of the Bashan","","","","","","no_exact_page",""
"Og, the king of Bashan","","","","","","no_exact_page",""
"Omri","","https://en.wikipedia.org/wiki/Omri","","","Omri","verified_exact_or_redirect",""
"On, son of Peleth","","","","","","no_exact_page",""
"Onan","","https://en.wikipedia.org/wiki/Onan","","","Onan","verified_exact_or_redirect",""
"Orpah","","https://en.wikipedia.org/wiki/Orpah","","","Orpah","verified_exact_or_redirect",""
"Othniel","https://en.wikipedia.org/wiki/Othniel","https://en.wikipedia.org/wiki/Othniel","","","Othniel","verified_exact_or_redirect",""
"Othniel, son of Kenaz","","","","","","no_exact_page",""
"our Patriarch Abraham","","","","","","no_exact_page",""
"Palti","","https://en.wikipedia.org/wiki/Palti","","","Palti","disambiguation_only","resolved to disambiguation page"
"Palti, son of Laish","","https://en.wikipedia.org/wiki/Palti%2C_son_of_Laish","","","Palti, son of Laish","verified_exact_or_redirect",""
"Paltiel","","https://en.wikipedia.org/wiki/Paltiel","","","Paltiel","disambiguation_only","resolved to disambiguation page"
"Parosh","","","","","","no_exact_page",""
"Pashḥur","","","","","","no_exact_page",""
"Pashḥur ben Immer","","","","","","no_exact_page",""
"Pekah, son of Remaliah","","","","","","no_exact_page",""
"Pelatiah, son of Benaiah","","","","","","no_exact_page",""
"Peninnah","https://en.wikipedia.org/wiki/Peninnah","https://en.wikipedia.org/wiki/Peninnah","","","Peninnah","verified_exact_or_redirect",""
"Perez","https://en.wikipedia.org/wiki/Perez_(son_of_Judah)","https://en.wikipedia.org/wiki/P%C3%A9rez","","","Pérez","verified_exact_or_redirect",""
"Pharaoh","https://en.wikipedia.org/wiki/Pharaohs_in_the_Bible#In_the_Book_of_Genesis","https://en.wikipedia.org/wiki/Pharaoh","https://he.wikipedia.org/wiki/%D7%A4%D7%A8%D7%A2%D7%94","פרעה","Pharaoh","verified_exact_or_redirect",""
"Pharaoh Neco","","","","","","no_exact_page",""
"Pharaoh Nekho","https://en.wikipedia.org/wiki/Necho_II","","","","","no_exact_page",""
"Pharaoh the lame","","","","","","no_exact_page",""
"Pharaoh the wicked","","","","","","no_exact_page",""
"Pharaoh’s daughter","https://en.wikipedia.org/wiki/Pharaoh%27s_daughter_(Exodus)","","","","","no_exact_page",""
"Philistines","https://en.wikipedia.org/wiki/Philistines#Scholarly_consensus","https://en.wikipedia.org/wiki/Philistines","","","Philistines","verified_exact_or_redirect",""
"Pinehas","https://en.wikipedia.org/wiki/Phinehas","https://en.wikipedia.org/wiki/Phinehas","","","Phinehas","verified_exact_or_redirect",""
"Potiphar","https://en.wikipedia.org/wiki/Potiphar","https://en.wikipedia.org/wiki/Potiphar","","","Potiphar","verified_exact_or_redirect",""
"Puah","","https://en.wikipedia.org/wiki/Shiphrah_and_Puah","","","Shiphrah and Puah","verified_exact_or_redirect",""
"Rabshakeh","","https://en.wikipedia.org/wiki/Rabshakeh","","","Rabshakeh","verified_exact_or_redirect",""
"Rachel","https://en.wikipedia.org/wiki/Rachel","https://en.wikipedia.org/wiki/Rachel","","","Rachel","verified_exact_or_redirect",""
"Rahab","https://en.wikipedia.org/wiki/Rahab","https://en.wikipedia.org/wiki/Rahab","","","Rahab","verified_exact_or_redirect",""
"Rahab the prostitute","","","","","","no_exact_page",""
"Rebecca","","https://en.wikipedia.org/wiki/Rebecca","","","Rebecca","disambiguation_only","resolved to disambiguation page"
"Rehoboam","https://en.wikipedia.org/wiki/Rehoboam","https://en.wikipedia.org/wiki/Rehoboam","","","Rehoboam","verified_exact_or_redirect",""
"Reuben","https://en.wikipedia.org/wiki/Reuben_(son_of_Jacob)","https://en.wikipedia.org/wiki/Reuben","","","Reuben","verified_exact_or_redirect",""
"Ruth","https://en.wikipedia.org/wiki/Ruth_(biblical_figure)","https://en.wikipedia.org/wiki/Ruth","","","Ruth","disambiguation_only","resolved to disambiguation page"
"Ruth the Moabite","","https://en.wikipedia.org/wiki/Ruth_(biblical_figure)","","","Ruth (biblical figure)","verified_exact_or_redirect",""
"Salmon","","https://en.wikipedia.org/wiki/Salmon","","","Salmon","verified_exact_or_redirect",""
"Samson","https://en.wikipedia.org/wiki/Samson","https://en.wikipedia.org/wiki/Samson","","","Samson","verified_exact_or_redirect",""
"Samuel","https://en.wikipedia.org/wiki/Samuel","https://en.wikipedia.org/wiki/Samuel","","","Samuel","verified_exact_or_redirect",""
"Samuel from Rama","","","","","","no_exact_page",""
"Samuel from Ramah","","","","","","no_exact_page",""
"Samuel of Rama","","","","","","no_exact_page",""
"Samuel of Ramah","","","","","","no_exact_page",""
"Samuel the Ramathite","","","","","","no_exact_page",""
"Samuel the righteous","","","","","","no_exact_page",""
"Saph","","https://en.wikipedia.org/wiki/List_of_minor_Hebrew_Bible_figures%2C_L%E2%80%93Z","","","List of minor Hebrew Bible figures, L–Z","verified_exact_or_redirect",""
"Sarah","https://en.wikipedia.org/wiki/Sarah","https://en.wikipedia.org/wiki/Sarah","","","Sarah","verified_exact_or_redirect",""
"Sarah, Rachel, and Hannah","","","","","","no_exact_page",""
"Saraph","","https://en.wikipedia.org/wiki/Boeing_AH-64_Apache","","","Boeing AH-64 Apache","verified_exact_or_redirect",""
"Saul","https://en.wikipedia.org/wiki/Saul","https://en.wikipedia.org/wiki/Saul","https://he.wikipedia.org/wiki/%D7%A9%D7%90%D7%95%D7%9C","שאול","Saul","verified_exact_or_redirect",""
"Saul, son of Kish","","","","","","no_exact_page",""
"seed of Aaron","","","","","","no_exact_page",""
"Segub","","https://en.wikipedia.org/wiki/List_of_minor_Hebrew_Bible_figures%2C_L%E2%80%93Z","","","List of minor Hebrew Bible figures, L–Z","verified_exact_or_redirect",""
"Sena’a ben Binyamin","","","","","","no_exact_page",""
"Sena’av ben Binyamin","","","","","","no_exact_page",""
"Sennacherib","https://en.wikipedia.org/wiki/Sennacherib","https://en.wikipedia.org/wiki/Sennacherib","","","Sennacherib","verified_exact_or_redirect",""
"Sennacherib the wicked","","","","","","no_exact_page",""
"Sennacherib, king of Assyria","","","","","","no_exact_page",""
"Serah, the daughter of Asher","","","","","","no_exact_page",""
"Seraiah","https://en.wikipedia.org/wiki/Seraiah#High_Priest","https://en.wikipedia.org/wiki/Seraiah","","","Seraiah","verified_exact_or_redirect",""
"Seraiah, the son of Mahseiah","","","","","","no_exact_page",""
"Seth","","https://en.wikipedia.org/wiki/Seth","","","Seth","verified_exact_or_redirect",""
"Sethur the son of Michael","","","","","","no_exact_page",""
"Shakrai","","","","","","no_exact_page",""
"Shakrurai","","","","","","no_exact_page",""
"Shallum","https://en.wikipedia.org/wiki/Shallum#Ancestor_of_Ezra","https://en.wikipedia.org/wiki/Shallum","","","Shallum","verified_exact_or_redirect",""
"Shaphan","https://en.wikipedia.org/wiki/Shaphan","https://en.wikipedia.org/wiki/Shaphan","","","Shaphan","verified_exact_or_redirect",""
"Sheba, son of Bichri","https://en.wikipedia.org/wiki/Sheba_son_of_Bichri","","","","","no_exact_page",""
"Shecaniah ben Jehiel","","","","","","no_exact_page",""
"Shefatya ben Avital","","","","","","no_exact_page",""
"Shelumiel, son of Zuri Shaddai","","","","","","no_exact_page",""
"Shem","https://en.wikipedia.org/wiki/Shem","https://en.wikipedia.org/wiki/Shem","","","Shem","verified_exact_or_redirect",""
"Shem the Great","","","","","","no_exact_page",""
"Sheshai","https://en.wikipedia.org/wiki/Sheshai","https://en.wikipedia.org/wiki/Sheshai","","","Sheshai","verified_exact_or_redirect",""
"Shevilnai","","","","","","no_exact_page",""
"Shevilnai, daughter of Zur","","","","","","no_exact_page",""
"Shevuel, son of Gershom","","","","","","no_exact_page",""
"Shimei","","https://en.wikipedia.org/wiki/Shimei","","","Shimei","verified_exact_or_redirect",""
"Shimei, the son of Gera","","","","","","no_exact_page",""
"Shimi ben Gera","","","","","","no_exact_page",""
"Shimi, David’s brother","","","","","","no_exact_page",""
"Shimshai","https://en.wikipedia.org/wiki/List_of_minor_Hebrew_Bible_figures,_L%E2%80%93Z#Shimshai","https://en.wikipedia.org/wiki/List_of_minor_Hebrew_Bible_figures%2C_L%E2%80%93Z","","","List of minor Hebrew Bible figures, L–Z","verified_exact_or_redirect",""
"Shiphrah","","https://en.wikipedia.org/wiki/Shiphrah_and_Puah","","","Shiphrah and Puah","verified_exact_or_redirect",""
"Shishak, king of Egypt","","","","","","no_exact_page",""
"Shobach","","","","","","no_exact_page",""
"Shophach","","","","","","no_exact_page",""
"Sihon","https://en.wikipedia.org/wiki/Sihon","https://en.wikipedia.org/wiki/Sihon","","","Sihon","verified_exact_or_redirect",""
"Simeon","","https://en.wikipedia.org/wiki/Simeon","","","Simeon","verified_exact_or_redirect",""
"Sisera","https://en.wikipedia.org/wiki/Sisera","https://en.wikipedia.org/wiki/Sisera","","","Sisera","verified_exact_or_redirect",""
"Solomon","https://en.wikipedia.org/wiki/Solomon","https://en.wikipedia.org/wiki/Solomon","https://he.wikipedia.org/wiki/%D7%A9%D7%9C%D7%9E%D7%94","שלמה","Solomon","verified_exact_or_redirect",""
"Solomon, son of David","","","","","","no_exact_page",""
"Son of Amoz","","","","","","no_exact_page",""
"son of Amram","","","","","","no_exact_page",""
"son of Bithiah","","","","","","no_exact_page",""
"son of Salu","","","","","","no_exact_page",""
"son of the Canaanite woman","","","","","","no_exact_page",""
"sons of Aaron","","","","","","no_exact_page",""
"sons of Eli","","","","","","no_exact_page",""
"sons of Korah","https://en.wikipedia.org/wiki/Korahites","https://en.wikipedia.org/wiki/Sons_of_Korah","","","Sons of Korah","disambiguation_only","resolved to disambiguation page"
"sons of Samuel","","","","","","no_exact_page",""
"Talmai","https://en.wikipedia.org/wiki/Talmai#Talmai_and_his_brothers,_the_Nephilim","https://en.wikipedia.org/wiki/Talmai","","","Talmai","verified_exact_or_redirect",""
"Tamar","https://en.wikipedia.org/wiki/Tamar_(Genesis)","https://en.wikipedia.org/wiki/Tamar","","","Tamar","disambiguation_only","resolved to disambiguation page"
"Teresh","","https://en.wikipedia.org/wiki/Teresh","","","Teresh","disambiguation_only","resolved to disambiguation page"
"The astrologers of Pharaoh","","","","","","no_exact_page",""
"the daughter of Pharaoh","","","","","","no_exact_page",""
"the generation of the dispersion","","","","","","no_exact_page",""
"the generation of the flood","","","","","","no_exact_page",""
"the Matriarchs","https://en.wikipedia.org/wiki/Patriarchs_(Bible)#Matriarchs","","","","","no_exact_page",""
"the Patriarchs","https://en.wikipedia.org/wiki/Patriarchs_(Bible)","https://en.wikipedia.org/wiki/Patriarchs_(Bible)","","","Patriarchs (Bible)","verified_exact_or_redirect",""
"the prophet Habakkuk","","","","","","no_exact_page",""
"the righteous Esther","","","","","","no_exact_page",""
"the righteous Mordecai","","","","","","no_exact_page",""
"the son of Manoah","","","","","","no_exact_page",""
"the spies","","","","","","no_exact_page",""
"the wicked Balak","","","","","","no_exact_page",""
"the wicked Esau","","","","","","no_exact_page",""
"the wicked Haman","","","","","","no_exact_page",""
"the wicked Nebuchadnezzar","","","","","","no_exact_page",""
"the wicked Vashti","","","","","","no_exact_page",""
"Timna","","https://en.wikipedia.org/wiki/Timna","","","Timna","verified_exact_or_redirect",""
"Tzelelponit","","https://en.wikipedia.org/wiki/Hazzelelponi","","","Hazzelelponi","verified_exact_or_redirect",""
"Uriah the Hittite","","https://en.wikipedia.org/wiki/Uriah_the_Hittite","","","Uriah the Hittite","verified_exact_or_redirect",""
"Uzziah","https://en.wikipedia.org/wiki/Uzziah","https://en.wikipedia.org/wiki/Uzziah","","","Uzziah","verified_exact_or_redirect",""
"Vashti","https://en.wikipedia.org/wiki/Vashti","https://en.wikipedia.org/wiki/Vashti","","","Vashti","verified_exact_or_redirect",""
"wicked Balaam","","","","","","no_exact_page",""
"wife of Potiphar","","","","","","no_exact_page",""
"Yael","https://en.wikipedia.org/wiki/Jael","https://en.wikipedia.org/wiki/Jael","","","Jael","verified_exact_or_redirect",""
"Yair, son of Manasseh","","","","","","no_exact_page",""
"Yehoram ben Ahab","","","","","","no_exact_page",""
"Yishai","","https://en.wikipedia.org/wiki/Jesse_(biblical_figure)","","","Jesse (biblical figure)","verified_exact_or_redirect",""
"Yishai, father of David","","","","","","no_exact_page",""
"Yitro","https://en.wikipedia.org/wiki/Yitro#Sixth_reading%E2%80%94Exodus_19:20%E2%80%9320:14","https://en.wikipedia.org/wiki/Yitro","","","Yitro","verified_exact_or_redirect",""
"Yoav","","https://en.wikipedia.org/wiki/Yoav","","","Yoav","verified_exact_or_redirect",""
"Zadok","https://en.wikipedia.org/wiki/Zadok","https://en.wikipedia.org/wiki/Zadok","","","Zadok","verified_exact_or_redirect",""
"Zadok the priest","","https://en.wikipedia.org/wiki/Zadok_the_Priest","","","Zadok the Priest","verified_exact_or_redirect",""
"Zebulun","https://en.wikipedia.org/wiki/Tribe_of_Zebulun","https://en.wikipedia.org/wiki/Zebulun","","","Zebulun","verified_exact_or_redirect",""
"Zechariah","https://en.wikipedia.org/wiki/Zechariah_(prophet)","https://en.wikipedia.org/wiki/Zechariah","","","Zechariah","disambiguation_only","resolved to disambiguation page"
"Zechariah , son of Iddo","","","","","","no_exact_page",""
"Zechariah, son of Iddo","","","","","","no_exact_page",""
"Zechariah, son of Ido","","","","","","no_exact_page",""
"Zedekiah","https://en.wikipedia.org/wiki/Zedekiah","https://en.wikipedia.org/wiki/Zedekiah","https://he.wikipedia.org/wiki/%D7%A6%D7%93%D7%A7%D7%99%D7%94%D7%95","צדקיהו","Zedekiah","verified_exact_or_redirect",""
"Zedekiah, son of Chenaanah","","","","","","no_exact_page",""
"Zelek the Ammonite","","","","","","no_exact_page",""
"Zelophehad","","https://en.wikipedia.org/wiki/Daughters_of_Zelophehad","","","Daughters of Zelophehad","verified_exact_or_redirect",""
"Zelophehad’s daughters","","","","","","no_exact_page",""
"Zephania","","https://en.wikipedia.org/wiki/Zephania","","","Zephania","verified_exact_or_redirect",""
"Zephaniah","","https://en.wikipedia.org/wiki/Zephaniah","https://he.wikipedia.org/wiki/%D7%A6%D7%A4%D7%A0%D7%99%D7%94_%D7%91%D7%9F_%D7%9B%D7%95%D7%A9%D7%99","צפניה בן כושי","Zephaniah","verified_exact_or_redirect",""
"Zeresh","https://en.wikipedia.org/wiki/Zeresh","https://en.wikipedia.org/wiki/Zeresh","","","Zeresh","verified_exact_or_redirect",""
"Zerubavel","","https://en.wikipedia.org/wiki/Zerubbabel","","","Zerubbabel","verified_exact_or_redirect",""
"Zerubbabel","https://en.wikipedia.org/wiki/Zerubbabel","https://en.wikipedia.org/wiki/Zerubbabel","","","Zerubbabel","verified_exact_or_redirect",""
"Zeruiah","","https://en.wikipedia.org/wiki/Zeruiah","","","Zeruiah","verified_exact_or_redirect",""
"Ziba","https://en.wikipedia.org/wiki/Ziba_(biblical_figure)","https://en.wikipedia.org/wiki/Ziba","","","Ziba","disambiguation_only","resolved to disambiguation page"
"Zibeon","","https://en.wikipedia.org/wiki/Zibeon","","","Zibeon","verified_exact_or_redirect",""
"Zimri","https://en.wikipedia.org/wiki/Zimri_(prince)","https://en.wikipedia.org/wiki/Zimri","","","Zimri","disambiguation_only","resolved to disambiguation page"
"Zimri, son of Salu","","","","","","no_exact_page",""
"Zipporah","https://en.wikipedia.org/wiki/Zipporah","https://en.wikipedia.org/wiki/Zipporah","","","Zipporah","verified_exact_or_redirect",""
"Zophar the Naamathite","https://en.wikipedia.org/wiki/Zophar","https://en.wikipedia.org/wiki/Zophar","","","Zophar","verified_exact_or_redirect",""
